key,number,source,prop.rem.1,prop.rem.2,prop.rem.3,plot,destination,year,replicate,replicate2
6,12591,High-N,0.489,0.489,0.439,2,Control,2009,1,1
7,12258,High-N,0.687,0.687,0.637,2,Control,2009,1,2
8,12295,High-N,0.76,0.76,0.71,2,Control,2009,1,3
9,9387,High-N,0.827,0.827,0.777,2,Control,2009,1,4
80,12352,Low-N,0.429,0.429,0.379,2,Control,2009,1,1
81,9403,Low-N,0.656,0.656,0.606,2,Control,2009,1,2
82,9466,Low-N,0.775,0.775,0.725,2,Control,2009,1,3
83,9481,Low-N,0.884,0.884,0.834,2,Control,2009,1,4
84,12609,Low-N,0.892,0.892,0.842,2,Control,2009,1,5
155,12771,Control,0.607,0.607,0.557,2,Control,2009,1,1
156,12563,Control,0.736,0.736,0.686,2,Control,2009,1,2
157,12114,Control,0.772,0.772,0.722,2,Control,2009,1,3
158,12601,Control,0.776,0.776,0.726,2,Control,2009,1,4
159,12598,Control,0.824,0.824,0.774,2,Control,2009,1,5
229,9371,High-N,0.847393789,0.847393789,0.797,2,Control,2010,1,1
230,9126,High-N,0.85311909,0.85311909,0.803,2,Control,2010,1,2
231,9280,High-N,0.871276087,0.871276087,0.821,2,Control,2010,1,3
232,12831,High-N,0.895890636,0.895890636,0.846,2,Control,2010,1,4
233,12375,High-N,0.912906728,0.912906728,0.863,2,Control,2010,1,5
305,12409,Low-N,0.844520111,0.844520111,0.795,2,Control,2010,1,1
306,12048,Low-N,0.872972164,0.872972164,0.823,2,Control,2010,1,2
307,12807,Low-N,0.883325764,0.883325764,0.833,2,Control,2010,1,3
308,12564,Low-N,0.887330044,0.887330044,0.837,2,Control,2010,1,4
309,9088,Low-N,0.908966629,0.908966629,0.859,2,Control,2010,1,5
381,12630,Control,0.851978491,0.851978491,0.802,2,Control,2010,1,1
382,12388,Control,0.859957513,0.859957513,0.81,2,Control,2010,1,2
383,12760,Control,0.896495566,0.896495566,0.846,2,Control,2010,1,3
384,12131,Control,0.905239748,0.905239748,0.855,2,Control,2010,1,4
385,9078,Control,1.006261728,0.95,0.956,2,Control,2010,1,5
454,12659,High-N,0.660915735,0.660915735,0.611,2,Control,2011,1,1
455,12257,High-N,0.756578435,0.756578435,0.707,2,Control,2011,1,2
456,12119,High-N,0.816009973,0.816009973,0.766,2,Control,2011,1,3
457,12587,High-N,0.909329142,0.909329142,0.859,2,Control,2011,1,4
458,12347,High-N,0.942078191,0.942078191,0.892,2,Control,2011,1,5
529,12721,Low-N,0.81127107,0.81127107,0.761,2,Control,2011,1,1
530,9328,Low-N,0.906375324,0.906375324,0.856,2,Control,2011,1,2
531,9318,Low-N,0.918075631,0.918075631,0.868,2,Control,2011,1,3
532,12071,Low-N,0.923625274,0.923625274,0.874,2,Control,2011,1,4
533,12984,Low-N,0.937269646,0.937269646,0.887,2,Control,2011,1,5
602,12120,Control,0.87773675,0.87773675,0.828,2,Control,2011,1,1
603,12246,Control,0.899317906,0.899317906,0.849,2,Control,2011,1,2
604,12065,Control,0.911059933,0.911059933,0.861,2,Control,2011,1,3
605,9123,Control,0.936102877,0.936102877,0.886,2,Control,2011,1,4
606,12254,Control,0.955935565,0.95,0.906,2,Control,2011,1,5
35,12113,High-N,0.763,0.763,0.713,8,Control,2009,2,1
36,12342,High-N,0.785,0.785,0.735,8,Control,2009,2,2
37,9328,High-N,0.856,0.856,0.806,8,Control,2009,2,3
38,12158,High-N,0.933,0.933,0.883,8,Control,2009,2,4
39,12102,High-N,0.524,0.524,0.474,8,Control,2009,2,5
110,12320,Low-N,0.69,0.69,0.64,8,Control,2009,2,1
111,12323,Low-N,0.732,0.732,0.682,8,Control,2009,2,2
112,9274,Low-N,0.82,0.82,0.77,8,Control,2009,2,3
113,12578,Low-N,0.849,0.849,0.799,8,Control,2009,2,4
114,12838,Low-N,0.936,0.936,0.886,8,Control,2009,2,5
185,9351,Control,0.447,0.447,0.397,8,Control,2009,2,1
186,12322,Control,0.484,0.484,0.434,8,Control,2009,2,2
187,12557,Control,0.901,0.901,0.851,8,Control,2009,2,3
188,9263,Control,0.919,0.919,0.869,8,Control,2009,2,4
189,9150,Control,0.917,0.917,0.867,8,Control,2009,2,5
260,9149,High-N,0.733984361,0.733984361,0.684,8,Control,2010,2,1
261,12759,High-N,0.804038283,0.804038283,0.754,8,Control,2010,2,2
262,12246,High-N,0.811928268,0.811928268,0.762,8,Control,2010,2,3
263,12313,High-N,0.872060163,0.872060163,0.822,8,Control,2010,2,4
264,12298,High-N,0.901982182,0.901982182,0.852,8,Control,2010,2,5
335,12872,Low-N,0.805200244,0.805200244,0.755,8,Control,2010,2,1
336,12400,Low-N,0.810943426,0.810943426,0.761,8,Control,2010,2,2
337,12655,Low-N,0.817641569,0.817641569,0.768,8,Control,2010,2,3
338,9228,Low-N,0.861792668,0.861792668,0.812,8,Control,2010,2,4
339,9305,Low-N,0.927718943,0.927718943,0.878,8,Control,2010,2,5
412,12309,Control,0.867519706,0.867519706,0.818,8,Control,2010,2,1
413,9383,Control,0.910003076,0.910003076,0.86,8,Control,2010,2,2
414,9471,Control,0.919869712,0.919869712,0.87,8,Control,2010,2,3
415,12406,Control,0.937838714,0.937838714,0.888,8,Control,2010,2,4
416,12198,Control,0.958625867,0.95,0.909,8,Control,2010,2,5
485,12286,High-N,0.740302922,0.740302922,0.69,8,Control,2011,2,1
486,12682,High-N,0.794665465,0.794665465,0.745,8,Control,2011,2,2
487,12295,High-N,0.838663811,0.838663811,0.789,8,Control,2011,2,3
488,12100,High-N,0.885890499,0.885890499,0.836,8,Control,2011,2,4
489,12706,High-N,0.942420663,0.942420663,0.892,8,Control,2011,2,5
558,12787,Low-N,0.797231067,0.797231067,0.747,8,Control,2011,2,1
559,12557,Low-N,0.801993859,0.801993859,0.752,8,Control,2011,2,2
560,12090,Low-N,0.862900926,0.862900926,0.813,8,Control,2011,2,3
561,12152,Low-N,0.889647043,0.889647043,0.84,8,Control,2011,2,4
562,12077,Low-N,0.929574799,0.929574799,0.88,8,Control,2011,2,5
633,12046,Control,0.824347103,0.824347103,0.774,8,Control,2011,2,1
634,12811,Control,0.852954272,0.852954272,0.803,8,Control,2011,2,2
635,12187,Control,0.887629117,0.887629117,0.838,8,Control,2011,2,3
636,9124,Control,0.915380255,0.915380255,0.865,8,Control,2011,2,4
637,12351,Control,0.926873034,0.926873034,0.877,8,Control,2011,2,5
40,12681,High-N,0.622,0.622,0.572,9,Control,2009,3,1
41,12648,High-N,0.856,0.856,0.806,9,Control,2009,3,2
42,12537,High-N,0.912,0.912,0.862,9,Control,2009,3,3
43,9399,High-N,0.98,0.95,0.93,9,Control,2009,3,4
44,9344,High-N,0.994,0.95,0.944,9,Control,2009,3,5
115,12501,Low-N,0.659,0.659,0.609,9,Control,2009,3,1
116,12411,Low-N,0.869,0.869,0.819,9,Control,2009,3,2
117,12523,Low-N,0.877,0.877,0.827,9,Control,2009,3,3
118,12189,Low-N,0.903,0.903,0.853,9,Control,2009,3,4
119,9304,Low-N,0.903,0.903,0.853,9,Control,2009,3,5
190,9382,Control,0.701,0.701,0.651,9,Control,2009,3,1
191,12604,Control,0.859,0.859,0.809,9,Control,2009,3,2
192,9366,Control,0.905,0.905,0.855,9,Control,2009,3,3
193,9449,Control,0.924,0.924,0.874,9,Control,2009,3,4
194,9108,Control,1.006,0.95,0.956,9,Control,2009,3,5
265,12248,High-N,0.871439746,0.871439746,0.821,9,Control,2010,3,1
266,12033,High-N,0.872968474,0.872968474,0.823,9,Control,2010,3,2
267,12001,High-N,0.93302454,0.93302454,0.883,9,Control,2010,3,3
268,9248,High-N,0.975636584,0.95,0.926,9,Control,2010,3,4
340,12835,Low-N,0.755428739,0.755428739,0.705,9,Control,2010,3,1
341,12338,Low-N,0.838135626,0.838135626,0.788,9,Control,2010,3,2
342,12083,Low-N,0.888769682,0.888769682,0.839,9,Control,2010,3,3
343,12796,Low-N,0.942957633,0.942957633,0.893,9,Control,2010,3,4
344,12668,Low-N,0.948703633,0.948703633,0.899,9,Control,2010,3,5
417,9277,Control,0.719710895,0.719710895,0.67,9,Control,2010,3,1
418,9146,Control,0.858613705,0.858613705,0.809,9,Control,2010,3,2
419,12259,Control,0.933203503,0.933203503,0.883,9,Control,2010,3,3
420,9235,Control,1.019889439,0.95,0.97,9,Control,2010,3,4
490,12372,High-N,0.726824607,0.726824607,0.677,9,Control,2011,3,1
491,12611,High-N,0.798739034,0.798739034,0.749,9,Control,2011,3,2
492,12185,High-N,0.85089965,0.85089965,0.801,9,Control,2011,3,3
493,12197,High-N,0.917510616,0.917510616,0.868,9,Control,2011,3,4
563,12368,Low-N,0.675553465,0.675553465,0.626,9,Control,2011,3,1
564,12602,Low-N,0.729625057,0.729625057,0.68,9,Control,2011,3,2
565,12271,Low-N,0.845065865,0.845065865,0.795,9,Control,2011,3,3
566,9439,Low-N,0.9018908,0.9018908,0.852,9,Control,2011,3,4
567,12854,Low-N,0.943792317,0.943792317,0.894,9,Control,2011,3,5
638,9411,Control,0.599807527,0.599807527,0.55,9,Control,2011,3,1
639,9107,Control,0.745177579,0.745177579,0.695,9,Control,2011,3,2
640,12502,Control,0.84523052,0.84523052,0.795,9,Control,2011,3,3
641,12765,Control,0.862501568,0.862501568,0.813,9,Control,2011,3,4
642,12510,Control,0.898942181,0.898942181,0.849,9,Control,2011,3,5
50,12175,High-N,0.797,0.797,0.747,11,Control,2009,4,1
51,12505,High-N,0.876,0.876,0.826,11,Control,2009,4,2
52,9097,High-N,0.878,0.878,0.828,11,Control,2009,4,3
53,12780,High-N,0.893,0.893,0.843,11,Control,2009,4,4
54,12365,High-N,0.943,0.943,0.893,11,Control,2009,4,5
125,12035,Low-N,0.411,0.411,0.361,11,Control,2009,4,1
126,9492,Low-N,0.766,0.766,0.716,11,Control,2009,4,2
127,12126,Low-N,0.908,0.908,0.858,11,Control,2009,4,3
128,12142,Low-N,0.931,0.931,0.881,11,Control,2009,4,4
129,12156,Low-N,0.988,0.95,0.938,11,Control,2009,4,5
200,12141,Control,0.758,0.758,0.708,11,Control,2009,4,1
201,9100,Control,0.823,0.823,0.773,11,Control,2009,4,2
202,12040,Control,0.839,0.839,0.789,11,Control,2009,4,3
203,12813,Control,0.839,0.839,0.789,11,Control,2009,4,4
204,12422,Control,0.915,0.915,0.865,11,Control,2009,4,5
274,12292,High-N,0.789715352,0.789715352,0.74,11,Control,2010,4,1
275,9332,High-N,0.804884018,0.804884018,0.755,11,Control,2010,4,2
276,12031,High-N,0.825335913,0.825335913,0.775,11,Control,2010,4,3
277,9452,High-N,0.829158909,0.829158909,0.779,11,Control,2010,4,4
278,9447,High-N,0.874570822,0.874570822,0.825,11,Control,2010,4,5
279,9488,High-N,0.88630434,0.88630434,0.836,11,Control,2010,4,6
350,12694,Low-N,0.361074763,0.361074763,0.311,11,Control,2010,4,1
351,12715,Low-N,0.725263671,0.725263671,0.675,11,Control,2010,4,2
352,12889,Low-N,0.868666305,0.868666305,0.819,11,Control,2010,4,3
353,9225,Low-N,0.877891559,0.877891559,0.828,11,Control,2010,4,4
354,12663,Low-N,0.933747409,0.933747409,0.884,11,Control,2010,4,5
426,12190,Control,0.796684681,0.796684681,0.747,11,Control,2010,4,1
427,12088,Control,0.898818018,0.898818018,0.849,11,Control,2010,4,2
428,12361,Control,0.918365337,0.918365337,0.868,11,Control,2010,4,3
429,12391,Control,0.919768397,0.919768397,0.87,11,Control,2010,4,4
499,12942,High-N,0.420493993,0.420493993,0.37,11,Control,2011,4,1
500,12727,High-N,0.63883186,0.63883186,0.589,11,Control,2011,4,2
501,9098,High-N,0.653955095,0.653955095,0.604,11,Control,2011,4,3
502,12074,High-N,0.832370207,0.832370207,0.782,11,Control,2011,4,4
503,12638,High-N,0.895143654,0.895143654,0.845,11,Control,2011,4,5
572,9289,Low-N,0.389117579,0.389117579,0.339,11,Control,2011,4,1
573,12788,Low-N,0.801625946,0.801625946,0.752,11,Control,2011,4,2
574,9424,Low-N,0.796311278,0.796311278,0.746,11,Control,2011,4,3
575,12503,Low-N,0.833633988,0.833633988,0.784,11,Control,2011,4,4
576,12002,Low-N,0.916291664,0.916291664,0.866,11,Control,2011,4,5
648,9277,Control,0.727788266,0.727788266,0.678,11,Control,2011,4,1
649,12845,Control,0.876296012,0.876296012,0.826,11,Control,2011,4,2
650,12247,Control,0.895216292,0.895216292,0.845,11,Control,2011,4,3
651,12679,Control,0.887511609,0.887511609,0.838,11,Control,2011,4,4
652,12807,Control,0.948620249,0.948620249,0.899,11,Control,2011,4,5
70,12074,High-N,0.576,0.576,0.526,15,Control,2009,5,1
71,12129,High-N,0.783,0.783,0.733,15,Control,2009,5,2
72,12983,High-N,0.866,0.866,0.816,15,Control,2009,5,3
73,12709,High-N,0.961,0.95,0.911,15,Control,2009,5,4
74,9487,High-N,0.825,0.825,0.775,15,Control,2009,5,5
145,12133,Low-N,0.644,0.644,0.594,15,Control,2009,5,1
146,12146,Low-N,0.822,0.822,0.772,15,Control,2009,5,2
147,12723,Low-N,0.852,0.852,0.802,15,Control,2009,5,3
148,9243,Low-N,0.892,0.892,0.842,15,Control,2009,5,4
149,12792,Low-N,0.944,0.944,0.894,15,Control,2009,5,5
220,12094,Control,0.688,0.688,0.638,15,Control,2009,5,1
221,12143,Control,0.789,0.789,0.739,15,Control,2009,5,2
222,9096,Control,0.799,0.799,0.749,15,Control,2009,5,3
223,12195,Control,0.886,0.886,0.836,15,Control,2009,5,4
224,12383,Control,0.978,0.95,0.928,15,Control,2009,5,5
295,12769,High-N,0.79237444,0.79237444,0.742,15,Control,2010,5,1
296,12637,High-N,0.880503361,0.880503361,0.831,15,Control,2010,5,2
297,12756,High-N,0.881453418,0.881453418,0.831,15,Control,2010,5,3
298,12256,High-N,0.918387345,0.918387345,0.868,15,Control,2010,5,4
299,12245,High-N,0.959963882,0.95,0.91,15,Control,2010,5,5
370,9087,Low-N,0.878191361,0.878191361,0.828,15,Control,2010,5,1
371,12376,Low-N,0.893996375,0.893996375,0.844,15,Control,2010,5,2
372,12635,Low-N,0.901682992,0.901682992,0.852,15,Control,2010,5,3
373,12299,Low-N,0.90921085,0.90921085,0.859,15,Control,2010,5,4
374,12125,Low-N,0.966575419,0.95,0.917,15,Control,2010,5,5
445,12268,Control,0.793728789,0.793728789,0.744,15,Control,2010,5,1
446,12755,Control,0.835838637,0.835838637,0.786,15,Control,2010,5,2
447,9246,Control,0.892824091,0.892824091,0.843,15,Control,2010,5,3
448,12594,Control,0.947752387,0.947752387,0.898,15,Control,2010,5,4
449,12900,Control,0.974874596,0.95,0.925,15,Control,2010,5,5
519,12681,High-N,0.841621978,0.841621978,0.792,15,Control,2011,5,1
520,12916,High-N,0.847629884,0.847629884,0.798,15,Control,2011,5,2
521,12764,High-N,0.900730469,0.900730469,0.851,15,Control,2011,5,3
522,12307,High-N,0.917596071,0.917596071,0.868,15,Control,2011,5,4
523,9349,High-N,0.922882665,0.922882665,0.873,15,Control,2011,5,5
592,12823,Low-N,0.701071961,0.701071961,0.651,15,Control,2011,5,1
593,12407,Low-N,0.87467044,0.87467044,0.825,15,Control,2011,5,2
594,12914,Low-N,0.90609454,0.90609454,0.856,15,Control,2011,5,3
595,12289,Low-N,0.921651175,0.921651175,0.872,15,Control,2011,5,4
596,9340,Low-N,0.951034041,0.95,0.901,15,Control,2011,5,5
668,9228,Control,0.88063329,0.88063329,0.831,15,Control,2011,5,1
669,12248,Control,0.895914094,0.895914094,0.846,15,Control,2011,5,2
670,9149,Control,0.958353955,0.95,0.908,15,Control,2011,5,3
671,9262,Control,1.006844577,0.95,0.957,15,Control,2011,5,4
672,12668,Control,0.903307298,0.903307298,0.853,15,Control,2011,5,5
1,12708,High-N,0.574,0.574,0.524,1,High-N,2009,1,1
2,9320,High-N,0.748,0.748,0.698,1,High-N,2009,1,2
3,12686,High-N,0.772,0.772,0.722,1,High-N,2009,1,3
4,12371,High-N,0.866,0.866,0.816,1,High-N,2009,1,4
5,12521,High-N,0.867,0.867,0.817,1,High-N,2009,1,5
75,12541,Low-N,0.77,0.77,0.72,1,High-N,2009,1,1
76,9386,Low-N,0.806,0.806,0.756,1,High-N,2009,1,2
77,9346,Low-N,0.84,0.84,0.79,1,High-N,2009,1,3
78,9436,Low-N,0.842,0.842,0.792,1,High-N,2009,1,4
79,12783,Low-N,0.728,0.728,0.678,1,High-N,2009,1,5
150,9465,Control,0.458,0.458,0.408,1,High-N,2009,1,1
151,12119,Control,0.61,0.61,0.56,1,High-N,2009,1,2
152,9324,Control,0.768,0.768,0.718,1,High-N,2009,1,3
153,9323,Control,0.815,0.815,0.765,1,High-N,2009,1,4
154,9252,Control,0.814,0.814,0.764,1,High-N,2009,1,5
225,9138,High-N,0.735009946,0.735009946,0.685,1,High-N,2010,1,1
226,12005,High-N,0.761865316,0.761865316,0.712,1,High-N,2010,1,2
227,12101,High-N,0.789341603,0.789341603,0.739,1,High-N,2010,1,3
228,9430,High-N,0.844871196,0.844871196,0.795,1,High-N,2010,1,4
300,12621,Low-N,0.793509406,0.793509406,0.744,1,High-N,2010,1,1
301,9361,Low-N,0.794079548,0.794079548,0.744,1,High-N,2010,1,2
302,12765,Low-N,0.810535932,0.810535932,0.761,1,High-N,2010,1,3
303,12233,Low-N,0.822641268,0.822641268,0.773,1,High-N,2010,1,4
304,12276,Low-N,0.901122742,0.901122742,0.851,1,High-N,2010,1,5
375,12845,Control,0.421918326,0.421918326,0.372,1,High-N,2010,1,1
376,12273,Control,0.808878333,0.808878333,0.759,1,High-N,2010,1,2
377,12791,Control,0.867864644,0.867864644,0.818,1,High-N,2010,1,3
378,12732,Control,0.898418545,0.898418545,0.848,1,High-N,2010,1,4
379,12518,Control,0.905491857,0.905491857,0.855,1,High-N,2010,1,5
380,12588,Control,0.964770016,0.95,0.915,1,High-N,2010,1,6
450,12181,High-N,0.806829343,0.806829343,0.757,1,High-N,2011,1,1
451,12168,High-N,0.851728453,0.851728453,0.802,1,High-N,2011,1,2
452,12145,High-N,0.89709859,0.89709859,0.847,1,High-N,2011,1,3
453,12861,High-N,0.914325377,0.914325377,0.864,1,High-N,2011,1,4
524,12585,Low-N,0.852544506,0.852544506,0.803,1,High-N,2011,1,1
525,9441,Low-N,0.892902211,0.892902211,0.843,1,High-N,2011,1,2
526,12294,Low-N,0.921929964,0.921929964,0.872,1,High-N,2011,1,3
527,9497,Low-N,0.928259467,0.928259467,0.878,1,High-N,2011,1,4
528,9272,Low-N,0.989329609,0.95,0.939,1,High-N,2011,1,5
597,12109,Control,0.880670376,0.880670376,0.831,1,High-N,2011,1,1
598,12572,Control,0.894877626,0.894877626,0.845,1,High-N,2011,1,2
599,9295,Control,0.924872031,0.924872031,0.875,1,High-N,2011,1,3
600,9408,Control,0.938432115,0.938432115,0.888,1,High-N,2011,1,4
601,9395,Control,0.95117081,0.95,0.901,1,High-N,2011,1,5
10,12508,High-N,0.418,0.418,0.368,3,High-N,2009,2,1
11,12596,High-N,0.525,0.525,0.475,3,High-N,2009,2,2
12,12127,High-N,0.704,0.704,0.654,3,High-N,2009,2,3
13,12394,High-N,0.734,0.734,0.684,3,High-N,2009,2,4
14,12354,High-N,0.905,0.905,0.855,3,High-N,2009,2,5
85,12990,Low-N,0.532,0.532,0.482,3,High-N,2009,2,1
86,9340,Low-N,0.713,0.713,0.663,3,High-N,2009,2,2
87,12713,Low-N,0.734,0.734,0.684,3,High-N,2009,2,3
88,9336,Low-N,0.756,0.756,0.706,3,High-N,2009,2,4
89,12611,Low-N,0.812,0.812,0.762,3,High-N,2009,2,5
160,9384,Control,0.595,0.595,0.545,3,High-N,2009,2,1
161,9379,Control,0.614,0.614,0.564,3,High-N,2009,2,2
162,9439,Control,0.824,0.824,0.774,3,High-N,2009,2,3
163,12710,Control,0.858,0.858,0.808,3,High-N,2009,2,4
164,9264,Control,0.924,0.924,0.874,3,High-N,2009,2,5
234,12317,High-N,0.706252588,0.706252588,0.656,3,High-N,2010,2,1
235,12138,High-N,0.747070101,0.747070101,0.697,3,High-N,2010,2,2
236,9450,High-N,0.764685741,0.764685741,0.715,3,High-N,2010,2,3
237,12140,High-N,0.795193837,0.795193837,0.745,3,High-N,2010,2,4
238,9343,High-N,0.916925366,0.916925366,0.867,3,High-N,2010,2,5
310,12943,Low-N,0.839687061,0.839687061,0.79,3,High-N,2010,2,1
311,12004,Low-N,0.845908624,0.845908624,0.796,3,High-N,2010,2,2
312,12522,Low-N,0.863810085,0.863810085,0.814,3,High-N,2010,2,3
313,12747,Low-N,0.898905699,0.898905699,0.849,3,High-N,2010,2,4
314,12873,Low-N,0.929314895,0.929314895,0.879,3,High-N,2010,2,5
386,9130,Control,0.805818258,0.805818258,0.756,3,High-N,2010,2,1
387,9107,Control,0.890389195,0.890389195,0.84,3,High-N,2010,2,2
388,12063,Control,0.903859425,0.903859425,0.854,3,High-N,2010,2,3
389,9298,Control,0.930835942,0.930835942,0.881,3,High-N,2010,2,4
390,9106,Control,1.002656031,0.95,0.953,3,High-N,2010,2,5
459,12734,High-N,0.802841901,0.802841901,0.753,3,High-N,2011,2,1
460,12086,High-N,0.828896158,0.828896158,0.779,3,High-N,2011,2,2
461,12397,High-N,0.885365336,0.885365336,0.835,3,High-N,2011,2,3
462,12036,High-N,0.934298317,0.934298317,0.884,3,High-N,2011,2,4
534,12578,Low-N,0.712752127,0.712752127,0.663,3,High-N,2011,2,1
535,9145,Low-N,0.768580849,0.768580849,0.719,3,High-N,2011,2,2
536,12549,Low-N,0.795614922,0.795614922,0.746,3,High-N,2011,2,3
537,12147,Low-N,0.84800449,0.84800449,0.798,3,High-N,2011,2,4
538,9409,Low-N,0.886614234,0.886614234,0.837,3,High-N,2011,2,5
539,12755,Low-N,0.917608806,0.917608806,0.868,3,High-N,2011,2,6
607,12420,Control,0.731526611,0.731526611,0.682,3,High-N,2011,2,1
608,9298,Control,0.77014505,0.77014505,0.72,3,High-N,2011,2,2
609,12970,Control,0.79891734,0.79891734,0.749,3,High-N,2011,2,3
610,9382,Control,0.837326763,0.837326763,0.787,3,High-N,2011,2,4
611,12274,Control,0.88949606,0.88949606,0.839,3,High-N,2011,2,5
15,12888,High-N,0.43,0.43,0.38,4,High-N,2009,3,1
16,12764,High-N,0.447,0.447,0.397,4,High-N,2009,3,2
17,12260,High-N,0.771,0.771,0.721,4,High-N,2009,3,3
18,12593,High-N,0.85,0.85,0.8,4,High-N,2009,3,4
19,12514,High-N,0.906,0.906,0.856,4,High-N,2009,3,5
90,12638,Low-N,0.677,0.677,0.627,4,High-N,2009,3,1
91,12602,Low-N,0.764,0.764,0.714,4,High-N,2009,3,2
92,9495,Low-N,0.87,0.87,0.82,4,High-N,2009,3,3
93,9364,Low-N,0.883,0.883,0.833,4,High-N,2009,3,4
94,12269,Low-N,0.901,0.901,0.851,4,High-N,2009,3,5
165,12349,Control,0.676,0.676,0.626,4,High-N,2009,3,1
166,12296,Control,0.681,0.681,0.631,4,High-N,2009,3,2
167,9095,Control,0.789,0.789,0.739,4,High-N,2009,3,3
168,9473,Control,0.858,0.858,0.808,4,High-N,2009,3,4
169,9299,Control,0.858,0.858,0.808,4,High-N,2009,3,5
239,12979,High-N,0.703645034,0.703645034,0.654,4,High-N,2010,3,1
240,12612,High-N,0.782900449,0.782900449,0.733,4,High-N,2010,3,2
241,9409,High-N,0.851385069,0.851385069,0.801,4,High-N,2010,3,3
242,12082,High-N,0.871010681,0.871010681,0.821,4,High-N,2010,3,4
243,9370,High-N,0.876711618,0.876711618,0.827,4,High-N,2010,3,5
315,12318,Low-N,0.841480417,0.841480417,0.791,4,High-N,2010,3,1
316,12368,Low-N,0.843408837,0.843408837,0.793,4,High-N,2010,3,2
317,12854,Low-N,0.895581491,0.895581491,0.846,4,High-N,2010,3,3
318,12746,Low-N,0.917431762,0.917431762,0.867,4,High-N,2010,3,4
319,12419,Low-N,0.946039578,0.946039578,0.896,4,High-N,2010,3,5
391,12526,Control,0.552845705,0.552845705,0.503,4,High-N,2010,3,1
392,12776,Control,0.699060278,0.699060278,0.649,4,High-N,2010,3,2
393,12067,Control,0.777454704,0.777454704,0.727,4,High-N,2010,3,3
394,12802,Control,0.812910095,0.812910095,0.763,4,High-N,2010,3,4
395,9091,Control,1.032647287,0.95,0.983,4,High-N,2010,3,5
463,12144,High-N,0.804622502,0.804622502,0.755,4,High-N,2011,3,1
464,12783,High-N,0.820583678,0.820583678,0.771,4,High-N,2011,3,2
465,12011,High-N,0.828547011,0.828547011,0.779,4,High-N,2011,3,3
466,9339,High-N,0.840339663,0.840339663,0.79,4,High-N,2011,3,4
467,9120,High-N,0.947827952,0.947827952,0.898,4,High-N,2011,3,5
540,9469,Low-N,0.855319029,0.855319029,0.805,4,High-N,2011,3,1
541,12669,Low-N,0.853574788,0.853574788,0.804,4,High-N,2011,3,2
542,12870,Low-N,0.867923274,0.867923274,0.818,4,High-N,2011,3,3
543,12182,Low-N,0.914679918,0.914679918,0.865,4,High-N,2011,3,4
612,9454,Control,0.604851858,0.604851858,0.555,4,High-N,2011,3,1
613,12393,Control,0.642785293,0.642785293,0.593,4,High-N,2011,3,2
614,9383,Control,0.824732696,0.824732696,0.775,4,High-N,2011,3,3
615,12777,Control,0.854343826,0.854343826,0.804,4,High-N,2011,3,4
616,9266,Control,0.913957374,0.913957374,0.864,4,High-N,2011,3,5
617,12650,Control,0.946366402,0.946366402,0.896,4,High-N,2011,3,6
30,9309,High-N,0.373,0.373,0.323,7,High-N,2009,4,1
31,12640,High-N,0.511,0.511,0.461,7,High-N,2009,4,2
32,9302,High-N,0.623,0.623,0.573,7,High-N,2009,4,3
33,12372,High-N,0.686,0.686,0.636,7,High-N,2009,4,4
34,12628,High-N,0.721,0.721,0.671,7,High-N,2009,4,5
105,12909,Low-N,0.745,0.745,0.695,7,High-N,2009,4,1
106,12182,Low-N,0.766,0.766,0.716,7,High-N,2009,4,2
107,12105,Low-N,0.77,0.77,0.72,7,High-N,2009,4,3
108,12166,Low-N,0.816,0.816,0.766,7,High-N,2009,4,4
109,12511,Low-N,0.905,0.905,0.855,7,High-N,2009,4,5
180,12789,Control,0.377,0.377,0.327,7,High-N,2009,4,1
181,12631,Control,0.428,0.428,0.378,7,High-N,2009,4,2
182,12346,Control,0.504,0.504,0.454,7,High-N,2009,4,3
183,12993,Control,0.564,0.564,0.514,7,High-N,2009,4,4
184,9291,Control,0.826,0.826,0.776,7,High-N,2009,4,5
255,9255,High-N,0.648023143,0.648023143,0.598,7,High-N,2010,4,1
256,12224,High-N,0.834631928,0.834631928,0.785,7,High-N,2010,4,2
257,12775,High-N,0.873400641,0.873400641,0.823,7,High-N,2010,4,3
258,12976,High-N,0.893198693,0.893198693,0.843,7,High-N,2010,4,4
259,12986,High-N,0.896521093,0.896521093,0.847,7,High-N,2010,4,5
330,12061,Low-N,0.517487869,0.517487869,0.467,7,High-N,2010,4,1
331,13000,Low-N,0.848155288,0.848155288,0.798,7,High-N,2010,4,2
332,12008,Low-N,0.884697688,0.884697688,0.835,7,High-N,2010,4,3
333,9084,Low-N,0.904345426,0.904345426,0.854,7,High-N,2010,4,4
334,12278,Low-N,0.938055322,0.938055322,0.888,7,High-N,2010,4,5
407,9352,Control,0.705037264,0.705037264,0.655,7,High-N,2010,4,1
408,12351,Control,0.85022725,0.85022725,0.8,7,High-N,2010,4,2
409,9451,Control,0.914777043,0.914777043,0.865,7,High-N,2010,4,3
410,12379,Control,0.914925954,0.914925954,0.865,7,High-N,2010,4,4
411,9242,Control,0.920495774,0.920495774,0.87,7,High-N,2010,4,5
480,9378,High-N,0.694603099,0.694603099,0.645,7,High-N,2011,4,1
481,12598,High-N,0.816240859,0.816240859,0.766,7,High-N,2011,4,2
482,12250,High-N,0.825755062,0.825755062,0.776,7,High-N,2011,4,3
483,12263,High-N,0.852644653,0.852644653,0.803,7,High-N,2011,4,4
484,12754,High-N,0.869209911,0.869209911,0.819,7,High-N,2011,4,5
553,12595,Low-N,0.876954403,0.876954403,0.827,7,High-N,2011,4,1
554,12665,Low-N,0.8933295,0.8933295,0.843,7,High-N,2011,4,2
555,9079,Low-N,0.891623548,0.891623548,0.842,7,High-N,2011,4,3
556,9265,Low-N,0.903186107,0.903186107,0.853,7,High-N,2011,4,4
557,12167,Low-N,0.95581939,0.95,0.906,7,High-N,2011,4,5
628,12140,Control,0.523192736,0.523192736,0.473,7,High-N,2011,4,1
629,12048,Control,0.723483112,0.723483112,0.673,7,High-N,2011,4,2
630,9447,Control,0.860282306,0.860282306,0.81,7,High-N,2011,4,3
631,9116,Control,0.865571437,0.865571437,0.816,7,High-N,2011,4,4
632,9231,Control,0.956425776,0.95,0.906,7,High-N,2011,4,5
45,9407,High-N,0.505,0.505,0.455,10,High-N,2009,5,1
46,12650,High-N,0.512,0.512,0.462,10,High-N,2009,5,2
47,12683,High-N,0.636,0.636,0.586,10,High-N,2009,5,3
48,9455,High-N,0.859,0.859,0.809,10,High-N,2009,5,4
49,12002,High-N,0.871,0.871,0.821,10,High-N,2009,5,5
120,12649,Low-N,0.345,0.345,0.295,10,High-N,2009,5,1
121,12996,Low-N,0.368,0.368,0.318,10,High-N,2009,5,2
122,12754,Low-N,0.79,0.79,0.74,10,High-N,2009,5,3
123,12018,Low-N,0.816,0.816,0.766,10,High-N,2009,5,4
124,12795,Low-N,0.88,0.88,0.83,10,High-N,2009,5,5
195,12987,Control,0.348,0.348,0.298,10,High-N,2009,5,1
196,9354,Control,0.345,0.345,0.295,10,High-N,2009,5,2
197,12385,Control,0.886,0.886,0.836,10,High-N,2009,5,3
198,12562,Control,0.903,0.903,0.853,10,High-N,2009,5,4
199,12682,Control,0.966,0.95,0.916,10,High-N,2009,5,5
269,12065,High-N,0.751966649,0.751966649,0.702,10,High-N,2010,5,1
270,12937,High-N,0.79470261,0.79470261,0.745,10,High-N,2010,5,2
271,9203,High-N,0.844651332,0.844651332,0.795,10,High-N,2010,5,3
272,12161,High-N,0.855506554,0.855506554,0.806,10,High-N,2010,5,4
273,9459,High-N,1.007350185,0.95,0.957,10,High-N,2010,5,5
345,12315,Low-N,0.876823018,0.876823018,0.827,10,High-N,2010,5,1
346,12852,Low-N,0.879064314,0.879064314,0.829,10,High-N,2010,5,2
347,12741,Low-N,0.882611487,0.882611487,0.833,10,High-N,2010,5,3
348,12301,Low-N,0.920606211,0.920606211,0.871,10,High-N,2010,5,4
349,12834,Low-N,0.982033608,0.95,0.932,10,High-N,2010,5,5
421,9389,Control,0.844999773,0.844999773,0.795,10,High-N,2010,5,1
422,12075,Control,0.863293537,0.863293537,0.813,10,High-N,2010,5,2
423,9325,Control,0.936740906,0.936740906,0.887,10,High-N,2010,5,3
424,9483,Control,0.955408602,0.95,0.905,10,High-N,2010,5,4
425,12104,Control,0.966465222,0.95,0.916,10,High-N,2010,5,5
494,12413,High-N,0.842210475,0.842210475,0.792,10,High-N,2011,5,1
495,12827,High-N,0.853091635,0.853091635,0.803,10,High-N,2011,5,2
496,9256,High-N,0.860061721,0.860061721,0.81,10,High-N,2011,5,3
497,12085,High-N,0.875591231,0.875591231,0.826,10,High-N,2011,5,4
498,9100,High-N,0.907794374,0.907794374,0.858,10,High-N,2011,5,5
568,12415,Low-N,0.796192277,0.796192277,0.746,10,High-N,2011,5,1
569,12037,Low-N,0.837662284,0.837662284,0.788,10,High-N,2011,5,2
570,12324,Low-N,0.870378541,0.870378541,0.82,10,High-N,2011,5,3
571,12922,Low-N,0.919706592,0.919706592,0.87,10,High-N,2011,5,4
643,12335,Control,0.438522769,0.438522769,0.389,10,High-N,2011,5,1
644,12382,Control,0.795061998,0.795061998,0.745,10,High-N,2011,5,2
645,12768,Control,0.862094394,0.862094394,0.812,10,High-N,2011,5,3
646,12522,Control,0.892819687,0.892819687,0.843,10,High-N,2011,5,4
647,9117,Control,0.921779269,0.921779269,0.872,10,High-N,2011,5,5
20,12788,High-N,0.664,0.664,0.614,5,Low-N,2009,1,1
21,12571,High-N,0.802,0.802,0.752,5,Low-N,2009,1,2
22,9314,High-N,0.813,0.813,0.763,5,Low-N,2009,1,3
23,12362,High-N,0.85,0.85,0.8,5,Low-N,2009,1,4
24,9419,High-N,0.895,0.895,0.845,5,Low-N,2009,1,5
95,12758,Low-N,0.746,0.746,0.696,5,Low-N,2009,1,1
96,12629,Low-N,0.768,0.768,0.718,5,Low-N,2009,1,2
97,12404,Low-N,0.883,0.883,0.833,5,Low-N,2009,1,3
98,12589,Low-N,0.89,0.89,0.84,5,Low-N,2009,1,4
99,12695,Low-N,0.928,0.928,0.878,5,Low-N,2009,1,5
170,12652,Control,0.679,0.679,0.629,5,Low-N,2009,1,1
171,12080,Control,0.789,0.789,0.739,5,Low-N,2009,1,2
172,12646,Control,0.857,0.857,0.807,5,Low-N,2009,1,3
173,12177,Control,0.869,0.869,0.819,5,Low-N,2009,1,4
174,9396,Control,0.896,0.896,0.846,5,Low-N,2009,1,5
244,12868,High-N,0.719050593,0.719050593,0.669,5,Low-N,2010,1,1
245,12253,High-N,0.782088699,0.782088699,0.732,5,Low-N,2010,1,2
246,9470,High-N,0.830373456,0.830373456,0.78,5,Low-N,2010,1,3
247,12614,High-N,0.860863179,0.860863179,0.811,5,Low-N,2010,1,4
248,12843,High-N,0.907084577,0.907084577,0.857,5,Low-N,2010,1,5
249,9462,High-N,0.94891228,0.94891228,0.899,5,Low-N,2010,1,6
320,12046,Low-N,0.781807988,0.781807988,0.732,5,Low-N,2010,1,1
321,12745,Low-N,0.848399458,0.848399458,0.798,5,Low-N,2010,1,2
322,12227,Low-N,0.907834817,0.907834817,0.858,5,Low-N,2010,1,3
323,12770,Low-N,0.920862944,0.920862944,0.871,5,Low-N,2010,1,4
324,9238,Low-N,0.945409791,0.945409791,0.895,5,Low-N,2010,1,5
396,9116,Control,0.773369897,0.773369897,0.723,5,Low-N,2010,1,1
397,12926,Control,0.81779094,0.81779094,0.768,5,Low-N,2010,1,2
398,12267,Control,0.856088657,0.856088657,0.806,5,Low-N,2010,1,3
399,9132,Control,0.923719158,0.923719158,0.874,5,Low-N,2010,1,4
400,12069,Control,0.938037746,0.938037746,0.888,5,Low-N,2010,1,5
468,12774,High-N,0.799219624,0.799219624,0.749,5,Low-N,2011,1,1
469,12766,High-N,0.804437699,0.804437699,0.754,5,Low-N,2011,1,2
470,12853,High-N,0.891166585,0.891166585,0.841,5,Low-N,2011,1,3
471,12786,High-N,0.938651375,0.938651375,0.889,5,Low-N,2011,1,4
472,12018,High-N,0.954951099,0.95,0.905,5,Low-N,2011,1,5
544,12704,Low-N,0.844269305,0.844269305,0.794,5,Low-N,2011,1,1
545,12162,Low-N,0.843361188,0.843361188,0.793,5,Low-N,2011,1,2
546,12386,Low-N,0.887640853,0.887640853,0.838,5,Low-N,2011,1,3
547,12113,Low-N,0.910817874,0.910817874,0.861,5,Low-N,2011,1,4
548,12078,Low-N,0.948927379,0.948927379,0.899,5,Low-N,2011,1,5
618,9343,Control,0.783563431,0.783563431,0.734,5,Low-N,2011,1,1
619,12988,Control,0.874192225,0.874192225,0.824,5,Low-N,2011,1,2
620,12029,Control,0.921305925,0.921305925,0.871,5,Low-N,2011,1,3
621,12176,Control,0.925479951,0.925479951,0.875,5,Low-N,2011,1,4
622,12057,Control,0.985134768,0.95,0.935,5,Low-N,2011,1,5
25,12096,High-N,0.549,0.549,0.499,6,Low-N,2009,2,1
26,12585,High-N,0.793,0.793,0.743,6,Low-N,2009,2,2
27,12516,High-N,0.811,0.811,0.761,6,Low-N,2009,2,3
28,12659,High-N,0.876,0.876,0.826,6,Low-N,2009,2,4
29,12670,High-N,0.925,0.925,0.875,6,Low-N,2009,2,5
100,9119,Low-N,0.683,0.683,0.633,6,Low-N,2009,2,1
101,12395,Low-N,0.823,0.823,0.773,6,Low-N,2009,2,2
102,9278,Low-N,0.821,0.821,0.771,6,Low-N,2009,2,3
103,12283,Low-N,0.889,0.889,0.839,6,Low-N,2009,2,4
104,12867,Low-N,0.802,0.802,0.752,6,Low-N,2009,2,5
175,12513,Control,0.707,0.707,0.657,6,Low-N,2009,2,1
176,12124,Control,0.469,0.469,0.419,6,Low-N,2009,2,2
177,12316,Control,0.709,0.709,0.659,6,Low-N,2009,2,3
178,9311,Control,0.815,0.815,0.765,6,Low-N,2009,2,4
179,12645,Control,0.825,0.825,0.775,6,Low-N,2009,2,5
250,12093,High-N,0.538622367,0.538622367,0.489,6,Low-N,2010,2,1
251,9313,High-N,0.610931032,0.610931032,0.561,6,Low-N,2010,2,2
252,9408,High-N,0.732099738,0.732099738,0.682,6,Low-N,2010,2,3
253,12777,High-N,0.818307773,0.818307773,0.768,6,Low-N,2010,2,4
254,12739,High-N,0.817280255,0.817280255,0.767,6,Low-N,2010,2,5
325,9454,Low-N,0.715373518,0.715373518,0.665,6,Low-N,2010,2,1
326,12619,Low-N,0.864648791,0.864648791,0.815,6,Low-N,2010,2,2
327,9432,Low-N,0.881061779,0.881061779,0.831,6,Low-N,2010,2,3
328,9122,Low-N,0.88358798,0.88358798,0.834,6,Low-N,2010,2,4
329,12360,Low-N,0.956632243,0.95,0.907,6,Low-N,2010,2,5
401,12163,Control,0.509035993,0.509035993,0.459,6,Low-N,2010,2,1
402,9374,Control,0.766395246,0.766395246,0.716,6,Low-N,2010,2,2
403,12572,Control,0.878519845,0.878519845,0.829,6,Low-N,2010,2,3
404,9392,Control,0.885089259,0.885089259,0.835,6,Low-N,2010,2,4
405,12707,Control,0.903360053,0.903360053,0.853,6,Low-N,2010,2,5
406,9124,Control,0.931493334,0.931493334,0.881,6,Low-N,2010,2,6
473,12876,High-N,0.815616001,0.815616001,0.766,6,Low-N,2011,2,1
474,9320,High-N,0.817600468,0.817600468,0.768,6,Low-N,2011,2,2
475,12596,High-N,0.859053782,0.859053782,0.809,6,Low-N,2011,2,3
476,12814,High-N,0.848823278,0.848823278,0.799,6,Low-N,2011,2,4
477,12124,High-N,0.86094809,0.86094809,0.811,6,Low-N,2011,2,5
478,9240,High-N,0.877942751,0.877942751,0.828,6,Low-N,2011,2,6
479,9251,High-N,0.033738986,0.033738986,0.033738986,6,Low-N,2011,2,7
549,12617,Low-N,0.764417486,0.764417486,0.714,6,Low-N,2011,2,1
550,12995,Low-N,0.815928717,0.815928717,0.766,6,Low-N,2011,2,2
551,12624,Low-N,0.880809628,0.880809628,0.831,6,Low-N,2011,2,3
552,9131,Low-N,0.934748488,0.934748488,0.885,6,Low-N,2011,2,4
623,12607,Control,0.747077555,0.747077555,0.697,6,Low-N,2011,2,1
624,9364,Control,0.797420969,0.797420969,0.747,6,Low-N,2011,2,2
625,9313,Control,0.845269086,0.845269086,0.795,6,Low-N,2011,2,3
626,9314,Control,0.901323583,0.901323583,0.851,6,Low-N,2011,2,4
627,12330,Control,0.943920476,0.943920476,0.894,6,Low-N,2011,2,5
55,9308,High-N,0.551,0.551,0.501,12,Low-N,2009,3,1
56,9303,High-N,0.687,0.687,0.637,12,Low-N,2009,3,2
57,12517,High-N,0.825,0.825,0.775,12,Low-N,2009,3,3
58,12152,High-N,0.747,0.747,0.697,12,Low-N,2009,3,4
59,12348,High-N,0.919,0.919,0.869,12,Low-N,2009,3,5
130,9375,Low-N,0.616,0.616,0.566,12,Low-N,2009,3,1
131,9083,Low-N,0.672,0.672,0.622,12,Low-N,2009,3,2
132,12130,Low-N,0.78,0.78,0.73,12,Low-N,2009,3,3
133,12675,Low-N,0.785,0.785,0.735,12,Low-N,2009,3,4
134,12085,Low-N,0.816,0.816,0.766,12,Low-N,2009,3,5
205,12403,Control,0.694,0.694,0.644,12,Low-N,2009,3,1
206,12984,Control,0.719,0.719,0.669,12,Low-N,2009,3,2
207,9448,Control,0.872,0.872,0.822,12,Low-N,2009,3,3
208,12728,Control,0.886,0.886,0.836,12,Low-N,2009,3,4
209,12386,Control,0.913,0.913,0.863,12,Low-N,2009,3,5
280,12613,High-N,0.783671464,0.783671464,0.734,12,Low-N,2010,3,1
281,12698,High-N,0.809484129,0.809484129,0.759,12,Low-N,2010,3,2
282,9494,High-N,0.844313001,0.844313001,0.794,12,Low-N,2010,3,3
283,12610,High-N,0.855212907,0.855212907,0.805,12,Low-N,2010,3,4
284,12893,High-N,0.873390331,0.873390331,0.823,12,Low-N,2010,3,5
355,12793,Low-N,0.855582199,0.855582199,0.806,12,Low-N,2010,3,1
356,12510,Low-N,0.890080664,0.890080664,0.84,12,Low-N,2010,3,2
357,9394,Low-N,0.949625852,0.949625852,0.9,12,Low-N,2010,3,3
358,12070,Low-N,0.966074442,0.95,0.916,12,Low-N,2010,3,4
359,9057,Low-N,1.006213512,0.95,0.956,12,Low-N,2010,3,5
430,12117,Control,0.803883697,0.803883697,0.754,12,Low-N,2010,3,1
431,12330,Control,0.884684505,0.884684505,0.835,12,Low-N,2010,3,2
432,12111,Control,0.889684659,0.889684659,0.84,12,Low-N,2010,3,3
433,9395,Control,0.893118802,0.893118802,0.843,12,Low-N,2010,3,4
434,12098,Control,0.908154136,0.908154136,0.858,12,Low-N,2010,3,5
504,12157,High-N,0.815282616,0.815282616,0.765,12,Low-N,2011,3,1
505,12622,High-N,0.823421863,0.823421863,0.773,12,Low-N,2011,3,2
506,12091,High-N,0.833708563,0.833708563,0.784,12,Low-N,2011,3,3
507,12356,High-N,0.8978423,0.8978423,0.848,12,Low-N,2011,3,4
508,12115,High-N,0.920711476,0.920711476,0.871,12,Low-N,2011,3,5
577,9323,Low-N,0.733038889,0.733038889,0.683,12,Low-N,2011,3,1
578,12794,Low-N,0.828908687,0.828908687,0.779,12,Low-N,2011,3,2
579,9440,Low-N,0.851679483,0.851679483,0.802,12,Low-N,2011,3,3
580,12798,Low-N,0.84983108,0.84983108,0.8,12,Low-N,2011,3,4
581,1486,Low-N,0.981407655,0.95,0.931,12,Low-N,2011,3,5
653,12117,Control,0.783781511,0.783781511,0.734,12,Low-N,2011,3,1
654,9300,Control,0.864219116,0.864219116,0.814,12,Low-N,2011,3,2
655,9459,Control,0.927368545,0.927368545,0.877,12,Low-N,2011,3,3
656,12975,Control,0.931934111,0.931934111,0.882,12,Low-N,2011,3,4
657,12613,Control,0.952817978,0.95,0.903,12,Low-N,2011,3,5
60,12036,High-N,0.827,0.827,0.777,13,Low-N,2009,4,1
61,12700,High-N,0.828,0.828,0.778,13,Low-N,2009,4,2
62,12641,High-N,0.833,0.833,0.783,13,Low-N,2009,4,3
63,12706,High-N,0.887,0.887,0.837,13,Low-N,2009,4,4
64,9315,High-N,0.909,0.909,0.859,13,Low-N,2009,4,5
135,12757,Low-N,0.685,0.685,0.635,13,Low-N,2009,4,1
136,9111,Low-N,0.847,0.847,0.797,13,Low-N,2009,4,2
137,9497,Low-N,0.861,0.861,0.811,13,Low-N,2009,4,3
138,12255,Low-N,0.922,0.922,0.872,13,Low-N,2009,4,4
139,9485,Low-N,0.834,0.834,0.784,13,Low-N,2009,4,5
210,12407,Control,0.624,0.624,0.574,13,Low-N,2009,4,1
211,12106,Control,0.708,0.708,0.658,13,Low-N,2009,4,2
212,12019,Control,0.812,0.812,0.762,13,Low-N,2009,4,3
213,12115,Control,0.866,0.866,0.816,13,Low-N,2009,4,4
214,12279,Control,0.929,0.929,0.879,13,Low-N,2009,4,5
285,9433,High-N,0.041825548,0.041825548,0.041825548,13,Low-N,2010,4,1
286,12797,High-N,0.836880728,0.836880728,0.787,13,Low-N,2010,4,2
287,9321,High-N,0.857642301,0.857642301,0.808,13,Low-N,2010,4,3
288,12811,High-N,0.937452275,0.937452275,0.887,13,Low-N,2010,4,4
289,9300,High-N,1.018110291,0.95,0.968,13,Low-N,2010,4,5
360,12240,Low-N,0.880993607,0.880993607,0.831,13,Low-N,2010,4,1
361,12340,Low-N,0.889112725,0.889112725,0.839,13,Low-N,2010,4,2
362,12544,Low-N,0.93224991,0.93224991,0.882,13,Low-N,2010,4,3
363,12748,Low-N,0.936653904,0.936653904,0.887,13,Low-N,2010,4,4
364,12108,Low-N,1.001156073,0.95,0.951,13,Low-N,2010,4,5
435,9249,Control,0.602304723,0.602304723,0.552,13,Low-N,2010,4,1
436,12062,Control,0.771595268,0.771595268,0.722,13,Low-N,2010,4,2
437,9418,Control,0.83083493,0.83083493,0.781,13,Low-N,2010,4,3
438,12689,Control,0.898798374,0.898798374,0.849,13,Low-N,2010,4,4
439,12676,Control,0.964113561,0.95,0.914,13,Low-N,2010,4,5
509,12521,High-N,0.801562849,0.801562849,0.752,13,Low-N,2011,4,1
510,12279,High-N,0.805622542,0.805622542,0.756,13,Low-N,2011,4,2
511,12403,High-N,0.804929045,0.804929045,0.755,13,Low-N,2011,4,3
512,9396,High-N,0.907482018,0.907482018,0.857,13,Low-N,2011,4,4
513,12604,High-N,0.91448881,0.91448881,0.864,13,Low-N,2011,4,5
582,12709,Low-N,0.830028861,0.830028861,0.78,13,Low-N,2011,4,1
583,12779,Low-N,0.835651146,0.835651146,0.786,13,Low-N,2011,4,2
584,9085,Low-N,0.846433351,0.846433351,0.796,13,Low-N,2011,4,3
585,9472,Low-N,0.903594045,0.903594045,0.854,13,Low-N,2011,4,4
586,12171,Low-N,0.941940839,0.941940839,0.892,13,Low-N,2011,4,5
658,12088,Control,0.824027968,0.824027968,0.774,13,Low-N,2011,4,1
659,12868,Control,0.832352214,0.832352214,0.782,13,Low-N,2011,4,2
660,12081,Control,0.890944884,0.890944884,0.841,13,Low-N,2011,4,3
661,12525,Control,0.93491427,0.93491427,0.885,13,Low-N,2011,4,4
662,9384,Control,0.935688592,0.935688592,0.886,13,Low-N,2011,4,5
65,12642,High-N,0.689,0.689,0.639,14,Low-N,2009,5,1
66,12622,High-N,0.771,0.771,0.721,14,Low-N,2009,5,2
67,12412,High-N,0.846,0.846,0.796,14,Low-N,2009,5,3
68,12581,High-N,0.853,0.853,0.803,14,Low-N,2009,5,4
69,12617,High-N,0.889,0.889,0.839,14,Low-N,2009,5,5
140,12829,Low-N,0.68,0.68,0.63,14,Low-N,2009,5,1
141,12337,Low-N,0.763,0.763,0.713,14,Low-N,2009,5,2
142,12028,Low-N,0.794,0.794,0.744,14,Low-N,2009,5,3
143,12052,Low-N,0.883,0.883,0.833,14,Low-N,2009,5,4
144,12671,Low-N,0.895,0.895,0.845,14,Low-N,2009,5,5
215,12782,Control,0.758,0.758,0.708,14,Low-N,2009,5,1
216,12181,Control,0.804,0.804,0.754,14,Low-N,2009,5,2
217,9293,Control,0.85,0.85,0.8,14,Low-N,2009,5,3
218,12879,Control,0.872,0.872,0.822,14,Low-N,2009,5,4
219,12091,Control,0.528,0.528,0.478,14,Low-N,2009,5,5
290,12752,High-N,0.827235501,0.827235501,0.777,14,Low-N,2010,5,1
291,12577,High-N,0.837199548,0.837199548,0.787,14,Low-N,2010,5,2
292,12553,High-N,0.890944464,0.890944464,0.841,14,Low-N,2010,5,3
293,12079,High-N,0.901610978,0.901610978,0.852,14,Low-N,2010,5,4
294,12120,High-N,0.920384938,0.920384938,0.87,14,Low-N,2010,5,5
365,12851,Low-N,0.786713109,0.786713109,0.737,14,Low-N,2010,5,1
366,12669,Low-N,0.863793234,0.863793234,0.814,14,Low-N,2010,5,2
367,12334,Low-N,0.880815438,0.880815438,0.831,14,Low-N,2010,5,3
368,12978,Low-N,0.906356842,0.906356842,0.856,14,Low-N,2010,5,4
369,9345,Low-N,0.934827287,0.934827287,0.885,14,Low-N,2010,5,5
440,12502,Control,0.774170025,0.774170025,0.724,14,Low-N,2010,5,1
441,12396,Control,0.890481609,0.890481609,0.84,14,Low-N,2010,5,2
442,12302,Control,0.900228315,0.900228315,0.85,14,Low-N,2010,5,3
443,12883,Control,0.901451034,0.901451034,0.851,14,Low-N,2010,5,4
444,12583,Control,0.907661939,0.907661939,0.858,14,Low-N,2010,5,5
514,9492,High-N,0.770526488,0.770526488,0.721,14,Low-N,2011,5,1
515,9299,High-N,0.874075506,0.874075506,0.824,14,Low-N,2011,5,2
516,12410,High-N,0.883317962,0.883317962,0.833,14,Low-N,2011,5,3
517,12955,High-N,0.893546688,0.893546688,0.844,14,Low-N,2011,5,4
518,12514,High-N,0.964712974,0.95,0.915,14,Low-N,2011,5,5
587,12817,Low-N,0.73392759,0.73392759,0.684,14,Low-N,2011,5,1
588,9474,Low-N,0.805153406,0.805153406,0.755,14,Low-N,2011,5,2
589,12151,Low-N,0.850101129,0.850101129,0.8,14,Low-N,2011,5,3
590,12751,Low-N,0.885912272,0.885912272,0.836,14,Low-N,2011,5,4
591,12648,Low-N,0.889261782,0.889261782,0.839,14,Low-N,2011,5,5
663,12759,Control,0.792220143,0.792220143,0.742,14,Low-N,2011,5,1
664,12259,Control,0.798392908,0.798392908,0.748,14,Low-N,2011,5,2
665,12944,Control,0.893797391,0.893797391,0.844,14,Low-N,2011,5,3
666,9264,Control,0.910741052,0.910741052,0.861,14,Low-N,2011,5,4
667,12426,Control,0.933037825,0.933037825,0.883,14,Low-N,2011,5,5